{
    "flatness": 0.972951536272945,
    "integratedGrad": 34.065550338210436
}