{
    "flatness": 0.9856667286125929,
    "integratedGrad": 11.889252281188966
}