{
    "flatness": 0.9669365049865086,
    "integratedGrad": 29.626833660055155
}
