{
    "flatness": 0.9599847294351892,
    "integratedGrad": 61.80079045378215
}