{
    "flatness": 0.9728759177535298,
    "integratedGrad": 32.81170848640362
}