{
<<<<<<< HEAD
    "flatness": 0.9684697321012204,
    "integratedGrad": 862.9483194752361
=======
    "flatness": 0.9728548995676096,
    "integratedGrad": 34.55474299530229
>>>>>>> dev
}