{
    "flatness": 0.9761308035227239,
    "integratedGrad": 31.496590488705483
}