{
    "flatness": 0.9824964120584808,
    "integratedGrad": 17.057716941833498
}