{
    "flatness": 0.9684697321012204,
    "integratedGrad": 862.9483194752361
}