{
    "flatness": 0.9804572495961665,
    "integratedGrad": 21.10709342956548
}