{
    "flatness": 0.9669365049865086,
    "integratedGrad": 40.98911753787484
}