{
    "flatness": 0.974621602516776,
    "integratedGrad": 31.709481742671024
}