{
    "flatness": 0.917295050471521,
    "integratedGrad": 758.8644763412523
}