{
    "steepness": 0.9668640425355195,
    "integratedGrad": 29.654768303890425
}