{
    "flatness": 0.9823061165102485,
    "integratedGrad": 17.787108001708983
}