{
    "flatness": 0.9728548995676094,
    "integratedGrad": 32.82700584553736
}